event_id,datetime,cetroid_time,mw,mwc,delta_m,tshift,half_dur,latitude,longitude,d_lat,d_lon,depth,m_rr,m_tt,m_pp,m_rt,m_rp,m_tp,Mrr,Mtt,Mpp,Mrt,Mrp,Mtp
2352986,2005-01-18T08:36:04.241000Z,2005-01-18T08:36:06.300000Z,5.2,5.15,0.04999999999999982,2.059,0.9,-41.46338,175.78934,0.00534,0.00637,18.7637,-1.1592000000000001e+23,2.0150599999999998e+23,-8.5586e+22,-6.193300000000001e+22,5.40788e+23,-2.71311e+23,3.74e+23,-1.2e+22,-3.62e+23,-1.41e+23,5.31e+23,-1.33e+23
2353002,2005-01-18T09:26:00.068000Z,2005-01-18T09:26:01.100000Z,4.9,5.0,0.09999999999999964,1.032,0.8,-41.46357,175.80118,0.00577,0.00784,17.9664,3.4630000000000003e+22,3.9517e+22,-7.4147000000000006e+22,1.5331e+22,1.8681e+23,-1.12853e+23,3.44e+23,-5.99e+22,-2.84e+23,-2.08e+22,2.4e+23,-5.51e+22
2354133,2005-01-20T18:56:31.429000Z,2005-01-20T18:56:34.200000Z,5.3,5.26,0.040000000000000036,2.771,1.1,-41.09117,175.05261,0.00277,0.00344,30.8473,-1.1729360000000001e+24,8.096609999999999e+23,3.63275e+23,-1.9384300000000002e+23,1.89826e+23,4.40177e+23,-8.56e+23,6.91e+23,1.65e+23,-2.8e+23,1.42e+23,4.61e+23
2359081,2005-01-31T17:31:53.291000Z,2005-01-31T17:31:57.500000Z,5.1,5.04,0.05999999999999961,4.209,0.9,-41.45723,175.76167,0.01172,0.01356,19.8533,3.6469699999999995e+23,-2.5371100000000002e+23,-1.1098599999999998e+23,-2.1312e+22,1.67708e+23,-4.33204e+23,1.22e+23,-1.1e+23,-1.19e+22,-2.23e+22,3.61e+23,-2.64e+23
2366369,2005-02-17T21:31:10.175000Z,,4.6,,,,,-39.90409,174.60245,0.00348,0.00574,27.9034,5.8533e+22,-4.9068e+22,-9.465e+21,4.49e+22,5.6875e+22,-3.3779e+22,,,,,,
2399117,2005-05-03T15:51:51.749000Z,,4.9,,,,,-38.22597,179.44234,0.0146,0.02599,12.0,2.02515e+23,-3.6857e+22,-1.65658e+23,5.2653e+22,1.08743e+23,-6.0374e+22,,,,,,
2403682,2005-05-13T17:07:58.500000Z,2005-05-13T17:08:04.300000Z,5.3,5.12,0.17999999999999972,5.8,0.9,-38.21132,179.47336,0.00905,0.01591,12.0,4.13893e+23,3.1954899999999995e+23,-7.33442e+23,1.36053e+23,8.75695e+23,-4.23125e+23,2.73e+23,2.94e+22,-3.02e+23,2.29e+23,4.77e+23,-1.03e+23
2404281,2005-05-15T00:05:26.483000Z,,5.0,,,,,-38.24965,179.3779,0.01536,0.03242,5.0,2.14533e+23,-3.8963999999999995e+22,-1.75569e+23,1.46803e+23,2.80421e+23,-4.5881e+22,,,,,,
2421974,2005-06-23T12:15:58.563000Z,,4.7,,,,,-41.97583,173.88609,0.00975,0.01226,16.5228,-1.9780000000000003e+22,8.2155e+22,-6.2375e+22,7.2817e+22,-2.2e+22,-5.5045e+22,,,,,,
2498995,2005-12-12T13:55:47.784000Z,,4.7,,,,,-40.51475,176.05434,0.00546,0.01144,26.0308,-1.07423e+23,5.6879999999999996e+22,5.0543e+22,5.3762e+22,1.2983e+22,4.9114e+22,,,,,,
2593170,2006-07-08T11:27:17.727000Z,,5.2,,,,,-39.17957,176.82281,0.00734,0.00847,32.7888,-5.69392e+23,-6.2911e+22,6.323020000000001e+23,1.50836e+23,-3.1461999999999996e+23,3.81893e+23,,,,,,
2625245,2006-09-15T11:43:19.469000Z,,4.6,,,,,-40.96524,174.47775,0.00493,0.00517,48.5035,7.761000000000001e+22,-6.261e+22,-1.5e+22,-2.1218e+22,-4.5799999999999995e+21,-3.1612e+22,,,,,,
2653553,2006-11-14T19:58:10.428000Z,,4.7,,,,,-37.45726,178.90616,0.01941,0.03216,23.679000000000002,-1.0568599999999999e+23,2.8536e+22,7.715e+22,-8.6739e+22,4.1539e+22,6.4828999999999994e+22,,,,,,
2654849,2006-11-17T14:38:04.251000Z,,4.7,,,,,-41.06157,174.33446,0.00581,0.00459,71.5945,1.8094e+22,7.985299999999999e+22,-9.7948e+22,-9.2694e+22,4.3722e+22,-1.6409e+22,,,,,,
2663349,2006-12-04T18:59:33.728000Z,,4.7,,,,,-38.21915,177.48759,0.00733,0.00866,42.777800000000006,-1.04182e+23,1.7880000000000002e+22,8.6302e+22,-4.6335e+22,-4.4331e+22,3.1145e+22,,,,,,
2684211,2007-01-18T03:34:14.318000Z,,4.9,,,,,-39.54107,175.85541,0.00564,0.00826,50.853500000000004,-1.551e+23,1.55733e+23,-6.33e+20,1.00474e+23,1.11612e+23,1.2553e+22,,,,,,
2799448,2007-09-26T10:54:14.597000Z,2007-09-26T10:54:21.600000Z,5.3,5.01,0.29000000000000004,7.003,0.8,-39.59051,178.57736,0.01168,0.03139,12.0,4.19176e+23,3.48731e+23,-7.67906e+23,2.4912600000000002e+23,8.17047e+23,-3.33194e+23,-7.63e+22,3.45e+23,-2.68e+23,-1.05e+23,1.55e+23,-2.03e+23
2800955,2007-09-29T13:12:39.014000Z,,4.7,,,,,-37.78197,176.82701,0.00847,0.00667,5.0,-8.6374e+22,9.7211e+22,-1.0837e+22,-6.111e+21,2.3743000000000002e+22,8.959e+22,,,,,,
2802756,2007-10-03T19:15:11.549000Z,2007-10-03T19:15:14.100000Z,5.5,5.43,0.07000000000000028,2.551,1.3,-42.0901,172.86786,0.00984,0.01113,56.7151,-1.45357e+23,7.2973e+23,-5.84373e+23,1.6386349999999999e+24,1.21083e+23,5.9515200000000005e+23,1.3e+22,4.84e+23,-4.97e+23,1.36e+24,2.77e+23,1.08e+24
2818146,2007-11-06T22:17:38.500000Z,,4.9,,,,,-42.10662,172.892,0.01022,0.01058,59.4216,-1.15029e+23,1.93915e+23,-7.8886e+22,3.16e+20,1.45851e+23,-3.2713e+22,,,,,,
2843195,2007-12-28T18:03:38.232000Z,,4.9,,,,,-38.78302,176.31459,0.0043,0.00647,76.356,1.985e+22,1.1096600000000002e+23,-1.30816e+23,1.72059e+23,-5.381599999999999e+22,1.23428e+23,,,,,,
2922302,2008-06-12T21:06:24.237000Z,2008-06-12T21:06:29.200000Z,5.2,5.19,0.009999999999999787,4.963,1.0,-37.58283,177.09467,0.01104,0.01092,5.0,-5.0307299999999993e+23,-9.112999999999999e+22,5.94204e+23,1.09407e+23,-5.0874e+22,6.388359999999999e+23,-3.85e+23,-9.82e+22,4.83e+23,1.27e+23,3.13e+23,6.45e+23
2974058,2008-09-24T22:40:41.937000Z,2008-09-24T22:40:43.300000Z,5.0,5.04,0.040000000000000036,1.363,0.8,-42.19803,173.97783,0.00959,0.01539,16.7272,3.14001e+23,-6.2688e+22,-2.51312e+23,1.2936000000000002e+22,-1.2571e+22,-1.60748e+23,3.22e+23,-3.75e+22,-2.85e+23,5.5e+21,3.03e+23,-1.64e+23
2974665,2008-09-26T07:23:02.845000Z,2008-09-26T07:23:05.900000Z,5.0,5.05,0.04999999999999982,3.055,0.8,-42.30863,173.92352,0.01248,0.01568,23.8942,3.59713e+23,-5.424e+22,-3.05472e+23,-9.5408e+22,4.2364999999999994e+22,-1.69674e+23,3.35e+23,-3.46e+22,-3e+23,-1.52e+23,2.63e+23,-2.01e+23
3016538,2008-12-17T19:54:59.812000Z,,4.6,,,,,-42.43494,172.85094,0.00844,0.01111,7.2539,-1.0119999999999999e+21,4.4893e+22,-4.3881e+22,3.3696e+22,3.7583e+22,-4.0357999999999994e+22,,,,,,
3072353,2009-04-08T11:12:58.850000Z,2009-04-08T11:12:58.900000Z,5.1,4.9,0.1999999999999993,0.05,0.7,-38.6894,178.54152,0.00973,0.02356,26.293400000000002,8.0051e+22,-2.1977800000000002e+23,1.39727e+23,1.40145e+23,3.3822399999999995e+23,2.59313e+23,-2.56e+23,8.79e+22,1.68e+23,8.59e+22,7.18e+22,1.26e+23
3185771,2009-11-18T18:04:00.681000Z,,4.7,,,,,-40.41402,175.60246,0.00364,0.00746,42.6911,-1.0925799999999998e+23,7.764e+22,3.1618e+22,-4.38e+20,7.768000000000001e+21,4.1505e+22,,,,,,
3290097,2010-04-13T01:39:54.732000Z,,4.6,,,,,-38.55708,178.56572,0.0079,0.01801,27.9931,-6.334e+22,2.3198e+22,4.0142e+22,2.0313e+22,4.3420999999999994e+22,2.7048000000000002e+22,,,,,,
3367989,2010-09-06T22:48:33.663000Z,2010-09-06T22:48:38.800000Z,5.0,4.96,0.040000000000000036,5.137,0.7,-40.38838,176.72292,0.008,0.01451,21.1418,3.02743e+23,3.0375e+22,-3.3311799999999996e+23,3.7110000000000003e+22,5.489400000000001e+22,-2.6127600000000002e+23,2.4e+23,-5.16e+22,-1.88e+23,7.26e+22,2.37e+23,-9.15e+22
3369346,2010-09-09T04:18:48.330000Z,,4.9,,,,,-40.41871,176.78368,0.00654,0.01105,15.7133,1.0503399999999998e+23,1.60591e+23,-2.65625e+23,3.7199000000000002e+22,3.7983e+22,-9.7662e+22,,,,,,
3474473,2011-03-06T03:43:33.682000Z,,4.7,,,,,-42.34114,173.86292,0.0085,0.01391,19.7438,7.235700000000001e+22,1.998e+21,-7.435499999999999e+22,3.1132e+22,-1.7456e+22,-1.0604100000000001e+23,,,,,,
3540318,2011-07-04T08:36:51.677000Z,,4.8,,,,,-40.79179,177.00922,0.00623,0.01208,12.0,1.73421e+23,-3.443e+22,-1.3899100000000001e+23,4.8431999999999996e+22,-2.688e+22,-1.14564e+23,,,,,,
3612525,2011-11-18T02:43:51.714000Z,2011-11-18T02:43:58.500000Z,5.4,5.23,0.16999999999999993,6.786,1.0,-37.41634,179.91197,0.02948,0.03189,33.0,-1.0938739999999999e+24,4.60176e+23,6.33698e+23,-2.8233299999999998e+23,-6.80092e+23,3.6169099999999996e+23,-8.36e+23,2.17e+23,6.19e+23,9.5e+22,8.8e+22,4.51e+23
3614680,2011-11-21T19:38:27.117000Z,2011-11-21T19:38:31.300000Z,5.1,5.1,0.0,4.183,0.9,-37.40642,179.99138,0.05245,0.04992,33.0,-2.7008000000000003e+23,-2.4011100000000003e+23,5.1019099999999996e+23,-1.54e+20,-1.03564e+23,1.90388e+23,-3.34e+23,3.31e+22,3.01e+23,-1.3e+23,-4.23e+23,1.29e+23
3617676,2011-11-27T02:37:53.745000Z,,4.7,,,,,-37.37238,179.9826,0.0271,0.02419,33.0,-4.3143000000000004e+22,6.7231e+22,-2.4087999999999998e+22,-7.8185e+22,-5.3172e+22,6.5188e+22,,,,,,
3621514,2011-12-04T09:46:20.103000Z,,4.8,,,,,-37.29346,179.98262,0.03262,0.02499,33.0,-9.9997e+22,9.0639e+22,9.357999999999999e+21,-1.26126e+23,-1.41849e+23,1.2311e+22,,,,,,
2012p075555,2012-01-28T22:56:10.745231Z,,4.2,,,,,-42.03319192,172.5589716,4.368981478,2.813484055,12.182500000000001,5.146000000000001e+21,3.435e+21,-8.581e+21,4.3170000000000003e+21,-1.3091e+22,-1.4422999999999998e+22,,,,,,
2012p242656,2012-03-30T18:47:38.657751Z,,4.3,,,,,-40.93159715,175.4123438,0.5948987732,0.7660946597,17.59765625,-1.4515000000000001e+22,2.7771e+22,-1.3256e+22,1.0853e+22,-2.075e+21,-1.4396e+22,,,,,,
2012p798736,2012-10-22T12:46:44.418718Z,,4.6,,,,,-38.25863753,178.1807589,0.8916528257,1.36100367,12.91015625,3.1641000000000004e+22,4.1825e+22,-7.3466e+22,-2.6688999999999998e+22,-5.9856e+22,2.874e+21,,,,,,
2012p861300,2012-11-14T16:21:05.726779Z,,4.5,,,,,-38.43169022,178.7855377,3.479766062,6.081878878,33.0,-4.546e+22,-8.017e+21,5.3477e+22,3.632e+21,5.1183999999999996e+22,-5.38e+20,,,,,,
2012p988084,2012-12-31T14:11:11.798788Z,,4.6,,,,,-39.28651339,173.6876587,1.439374366,2.176371853,10.0390625,3.74e+20,5.9126e+22,-5.95e+22,2.273e+21,-6.4e+21,6.1044e+22,,,,,,
2013p027657,2013-01-11T05:35:57.674548Z,,4.1,,,,,-39.35977941,173.6824689,1.205509125,1.737096709,13.0859375,-1.175e+21,9.049e+21,-7.874e+21,-1.187e+21,5.331e+21,1.4152e+22,,,,,,
2013p086823,2013-02-02T02:59:35.274997Z,,4.2,,,,,-39.95062779,175.595711,0.9343836236,0.9364702747,56.2109375,-1.4583e+22,1.9628e+22,-5.046e+21,8.257e+21,1.5708e+22,-6.906000000000001e+21,,,,,,
2013p128381,2013-02-17T12:01:29.473847Z,,4.3,,,,,-41.77196607,173.883587,1.269820024,1.309694753,22.9296875,-1.331e+21,3.326e+22,-3.1929000000000004e+22,4.262e+21,-3.08e+20,-1.2511e+22,,,,,,
2013p142607,2013-02-22T18:21:53.234034Z,,4.8,,,,,-39.24777227,177.3736234,1.081552615,1.728401826,24.8046875,1.34974e+23,-7.699099999999999e+22,-5.798300000000001e+22,-7.740599999999999e+22,-1.26691e+23,-6.3471e+22,,,,,,
2013p432496,2013-06-10T00:34:14.182633Z,,4.5,,,,,-39.14355087,177.406601,3.246917416,2.39753123,22.02924728,5.884e+21,1.5386000000000002e+22,-2.127e+22,1.6203999999999999e+22,8.565999999999999e+21,5.2689e+22,,,,,,
2013p507880,2013-07-07T21:58:46.744269Z,,4.8,,,,,-39.81217575,176.6668243,2.200254908,2.55651785,30.38817406,-1.68274e+23,1.3654100000000001e+23,3.1732999999999997e+22,4.0879e+22,-1.5697e+22,9.0003e+22,,,,,,
2013p537512,2013-07-18T21:06:39.068623Z,2013-07-18T21:06:42.500000Z,5.5,5.41,0.08999999999999986,3.431377,1.2,-41.54557104,174.4045934,0.4913076143,0.5847771927,20.64453125,1.432935e+24,5.29914e+23,-1.962849e+24,-4.66951e+23,1.90394e+23,-1.3876300000000001e+23,6.83e+23,4.17e+23,-1.1e+24,-9e+23,9.92e+23,-2.31e+23
2013p538215,2013-07-19T03:21:15.034641Z,,4.5,,,,,-41.51515363,174.4267382,1.75270743,2.292417759,14.9609375,5.5184000000000004e+22,-2.319e+21,-5.2865e+22,-1.2488e+22,7.795999999999999e+21,3.3450000000000003e+21,,,,,,
2013p542711,2013-07-20T19:17:10.844582Z,2013-07-20T19:17:15.600000Z,5.8,5.68,0.1200000000000001,4.755418,1.7,-41.5537,174.3903082,2.085859383,2.678792122,20.703125,3.407331e+24,2.491343e+24,-5.898674e+24,-6.44833e+23,-8.340180000000001e+23,-1.486277e+24,2.48e+24,1.3e+24,-3.78e+24,-1.66e+24,1.09e+24,-1.52e+24
2013p542958,2013-07-20T21:28:21.147620Z,,4.5,,,,,-41.62738082,174.3502242,0.9561955537,0.8207068263,15.72265625,2.908e+22,3.4408e+22,-6.3487e+22,-1.1201e+22,-2.013e+22,-3.4864e+22,,,,,,
2013p543121,2013-07-20T22:55:16.892551Z,,4.6,,,,,-41.56228495,174.3844305,0.6096674895,0.7387547454,19.6484375,6.8061e+22,3.3038e+22,-1.011e+23,-3.7282999999999997e+22,5.761e+21,-3.0476e+22,,,,,,
2013p544030,2013-07-21T06:59:14.955064Z,,4.7,,,,,-41.54331413,174.3987585,0.6263006206,0.6666332018,16.30859375,9.463e+22,2.2452e+22,-1.17082e+23,-1.933e+22,2.8983e+22,-3.3351e+22,,,,,,
2013p544197,2013-07-21T08:28:15.609834Z,,4.6,,,,,-41.594209,174.31422,0.68077324,0.61556804,20.761719000000003,1.6827000000000001e+22,5.4453e+22,-7.1279999999999996e+22,-2.7063e+22,-1.4847e+22,-2.4576e+22,,,,,,
2013p544317,2013-07-21T09:32:13.313442Z,,4.4,,,,,-41.64297954,174.3062643,2.291237173,2.299715224,9.921875,1.3909999999999998e+22,2.8604e+22,-4.2515e+22,2.1079999999999997e+21,9.021e+21,-3.7302e+22,,,,,,
2013p544344,2013-07-21T09:47:43.301512Z,,4.3,,,,,-41.53564467,174.3436382,1.612279881,2.051158205,15.078125,1.1273e+22,8.068000000000001e+21,-1.9341e+22,-8.070999999999999e+21,1.7269999999999998e+22,-1.2256e+22,,,,,,
2013p544668,2013-07-21T12:39:07.781531Z,,4.4,,,,,-41.58524099,174.3425265,1.458882063,2.011094319,14.2578125,5.474000000000001e+21,2.4538e+22,-3.0012e+22,-4.596e+21,5.764e+21,-3.1937e+22,,,,,,
2013p544960,2013-07-21T15:15:11.707128Z,,5.0,,,,,-41.43998126,174.3099568,1.417461276,2.184262652,14.4921875,-4.2686000000000005e+22,1.01212e+23,-5.8526e+22,8.1873e+22,3.1179000000000003e+22,-2.8791e+23,,,,,,
2013p544974,2013-07-21T15:22:13.065961Z,,4.6,,,,,-41.45226722,174.2881458,2.168143669,2.581395622,12.265625,-1.2379000000000001e+22,6.594299999999999e+22,-5.3564999999999994e+22,1.463e+22,-1.4208000000000002e+22,-4.4471e+22,,,,,,
2013p545809,2013-07-21T22:47:24.323905Z,2013-07-21T22:47:26.200000Z,5.0,5.07,0.07000000000000028,1.876095,0.8,-41.61145532,174.2553772,2.724607638,2.501245987,15.078125,1.1505e+23,2.1670300000000002e+23,-3.31753e+23,2.8808999999999996e+22,-6.5831e+22,-1.85382e+23,1.55e+23,3.08e+23,-4.64e+23,-1.5e+23,2.1e+23,-1.43e+23
2013p546702,2013-07-22T06:43:09.131190Z,,4.3,,,,,-41.64306893,174.2383437,1.29503627,1.012710382,11.6796875,-7.35e+20,2.0025e+22,-1.9289e+22,-7.983e+21,-6.416e+21,-1.5746000000000002e+22,,,,,,
2013p547469,2013-07-22T13:31:46.155249Z,,4.4,,,,,-41.56194139,174.344404,0.8102951326,1.029764104,19.8828125,1.0127e+22,4.2289e+22,-5.2416e+22,1.194e+21,1.504e+21,-3.307e+21,,,,,,
2013p563639,2013-07-28T13:07:14.815628Z,2013-07-28T13:07:17.900000Z,4.9,4.97,0.0699999999999994,3.084372,0.7,-41.62145782,174.2693231,1.137591784,1.12577003,8.8671875,-1.772e+21,7.8155e+22,-7.6384e+22,-4.7795999999999995e+22,1.4300999999999999e+22,-2.01777e+23,5.41e+22,5.2e+22,-1.06e+23,-1.09e+23,2.8e+23,-1.75e+23
2013p565386,2013-07-29T04:37:48.820655Z,,4.5,,,,,-42.58414095,172.5443249,1.506798747,1.393816557,12.1484375,-2.981e+21,2.6344e+22,-2.3362e+22,4.2369999999999995e+22,2.3415e+22,-3.1662e+22,,,,,,
2013p572878,2013-07-31T23:10:11.446534Z,,4.5,,,,,-41.55817752,174.3865718,0.8990481054,1.091634274,17.0703125,4.16e+22,5.41e+20,-4.2141e+22,-2.2518000000000003e+22,6.6e+21,-2.3532e+22,,,,,,
2013p574429,2013-08-01T12:56:13.236196Z,,4.7,,,,,-41.74968313,174.318333,1.436297064,1.638423048,11.6796875,9.4618e+22,7.614e+21,-1.02231e+23,-1.1607e+22,3.5549999999999997e+21,-5.7976e+22,,,,,,
2013p613824,2013-08-16T02:45:27.356756Z,2013-08-16T02:45:33.400000Z,5.5,5.56,0.05999999999999961,6.043244,1.4,-41.72572646,174.1201985,1.585832427,1.246883611,5.64453125,5.1874e+23,1.709507e+24,-2.228246e+24,8.15526e+23,-3.89576e+23,-8.473700000000001e+23,7.06e+23,1.51e+24,-2.22e+24,-5.72e+23,1.53e+24,-1.05e+24
2013p613867,2013-08-16T03:09:07.725626Z,2013-08-16T03:09:13.400000Z,5.9,5.85,0.05000000000000071,5.674374,2.1,-41.74297247,174.0611824,1.789934556,1.364911391,7.4609375,-7.1337e+23,6.009661e+24,-5.296291000000001e+24,1.563022e+24,-1.009492e+24,-3.2825510000000004e+24,-6.81e+23,5.17e+24,-4.49e+24,-1.37e+24,3.91e+24,-3.86e+24
2013p613947,2013-08-16T03:51:36.119104Z,,5.2,,,,,-41.6730932,174.1813846,1.503501587,1.035948225,14.2578125,-5.9338999999999995e+22,6.0439899999999996e+23,-5.4506e+23,8.8158e+22,-3.0844899999999995e+23,6.8099e+22,,,,,,
2013p614135,2013-08-16T05:31:17.002107Z,2013-08-16T05:31:20.800000Z,5.9,5.85,0.05000000000000071,3.797893,2.1,-41.6310176,174.2540207,1.512660336,1.456715677,14.9609375,2.820403e+24,4.530107e+24,-7.350510000000001e+24,-1.7552950000000001e+24,2.38295e+23,-4.83825e+24,2.73e+24,2.41e+24,-5.14e+24,-3.26e+24,3.47e+24,-4e+24
2013p614184,2013-08-16T05:57:52.844347Z,,4.8,,,,,-41.66486158,174.2845102,1.38801097,1.293834249,12.03125,1.28106e+23,5.0707999999999995e+22,-1.78814e+23,-4.7367000000000004e+22,3.9375e+22,-3.89e+21,,,,,,
2013p614268,2013-08-16T06:42:40.953349Z,,4.7,,,,,-41.67556798,174.279839,1.458758294,1.185160783,15.078125,7.8233e+22,5.5759e+22,-1.3399100000000001e+23,-5.1640999999999996e+22,-4.2023000000000004e+22,-1.3588999999999999e+22,,,,,,
2013p614294,2013-08-16T06:55:58.920101Z,2013-08-16T06:56:03.700000Z,5.4,5.34,0.0600000000000005,4.779899,1.1,-41.67755395,174.2764568,1.642414937,1.512143753,17.0703125,2.22972e+23,1.201127e+24,-1.424098e+24,1.24144e+23,-2.67362e+23,-4.30155e+23,1.69e+23,9.18e+23,-1.09e+24,-3.84e+23,5.96e+23,-3.97e+23
2013p614345,2013-08-16T07:23:14.549879Z,,4.5,,,,,-41.73566961,174.0823808,1.729799254,1.180678712,9.21875,8.612e+21,4.7155e+22,-5.576699999999999e+22,-1.6627000000000001e+22,-2.0523e+22,-7.82e+21,,,,,,
2013p614487,2013-08-16T08:38:55.354364Z,,4.8,,,,,-41.68244489,174.1305693,1.540672414,1.166263623,17.0703125,9.361e+21,1.51677e+23,-1.61038e+23,2.9483999999999997e+22,1.7923e+22,-1.2911400000000001e+23,,,,,,
2013p615178,2013-08-16T14:47:02.932069Z,,4.6,,,,,-41.62725374,174.2962388,1.488757523,1.38322061,15.4296875,2.3328999999999998e+22,-2.67e+20,-2.3062e+22,-3.5770000000000003e+21,1.9359000000000002e+22,-9.082e+22,,,,,,
2013p616691,2013-08-17T04:13:20.691678Z,,4.7,,,,,-41.77548829,174.0036731,1.348931119,1.408526478,8.6328125,-2.6832999999999998e+22,1.40172e+23,-1.1333900000000002e+23,3.5071e+22,-8.625e+21,-1.9456999999999998e+22,,,,,,
2013p617227,2013-08-17T08:58:40.318754Z,2013-08-17T08:58:44.300000Z,5.2,5.22,0.019999999999999574,3.981246,1.0,-41.73263618,174.0642932,1.391089378,1.218939343,15.078125,1.6429500000000002e+23,7.085739999999999e+23,-8.72869e+23,-7.3011e+22,1.93589e+23,1.7188e+22,-2.7e+22,7.13e+23,-6.86e+23,-9.4e+22,4.89e+23,1e+21
2013p618032,2013-08-17T16:07:52.763228Z,,4.7,,,,,-41.70907541,174.1142068,1.295624565,0.9897773357,16.953125,5.6604999999999994e+22,7.9118e+22,-1.35723e+23,-2.6887e+22,4.3197e+22,-4.8325e+22,,,,,,
2013p666224,2013-09-04T12:04:10.554973Z,,4.8,,,,,-41.4927297,174.4299966,1.139143768,1.416365758,13.0859375,5.5889e+22,1.2161199999999999e+23,-1.77501e+23,-2.4265e+22,-1.83e+21,-1.1364400000000001e+23,,,,,,
2013p739681,2013-10-01T16:22:32.953294Z,,4.5,,,,,-41.54050206,174.3953163,0.9422078829,1.240732101,21.640625,4.088e+22,2.6249e+22,-6.713e+22,-3.5152e+22,-2.712e+21,-3.1016000000000002e+22,,,,,,
2013p916300,2013-12-06T00:45:00.499977Z,,4.3,,,,,-41.68707466,174.0325761,2.041810313,1.458682755,19.1796875,1.8100000000000003e+21,1.9965e+22,-2.1775e+22,-1.893e+21,9.997e+21,-1.5505000000000002e+22,,,,,,
2014p054100,2014-01-21T00:24:38.462628Z,,4.2,,,,,-40.607196,175.87041,0.70234781,1.1360072,36.582031,-2.491e+22,2.065e+22,4.261e+21,5.599e+21,5.451e+21,3.016e+21,,,,,,
2014p240655,2014-03-31T01:01:19.472896Z,2014-03-31T01:01:22.200000Z,5.2,5.15,0.04999999999999982,2.727104,0.9,-39.970257,176.55189,0.83055521,1.2264504,17.304688,7.83167e+23,1.3677e+22,-7.96844e+23,-3.9723e+22,1.43182e+23,-2.3493200000000003e+23,5.49e+23,-2.66e+22,-5.23e+23,-9.76e+22,2.83e+23,-2.4e+23
2014p240753,2014-03-31T01:53:19.667114Z,,4.5,,,,,-39.967038,176.53494,0.62009529,0.69512501,13.144531,4.5854000000000005e+22,2.206e+21,-4.806e+22,1.103e+21,-4.733e+21,-2.8444e+22,,,,,,
2014p398473,2014-05-28T10:26:37.448544Z,,4.7,,,,,-40.306915,176.58679,0.6709525,1.0194953,17.246094000000003,9.6871e+22,-5.7536e+22,-3.9335000000000004e+22,-4.5399e+22,-2.1501e+22,-1.11008e+23,,,,,,
2014p475199,2014-06-25T19:46:26.307054Z,,4.6,,,,,-40.655943,175.82796,0.65445808,1.0153531,30.722656,-5.3749000000000005e+22,3.1739e+22,2.2009e+22,2.2022e+22,5.6862e+22,1.1112e+22,,,,,,
2014p476125,2014-06-26T03:59:43.746838Z,,4.5,,,,,-40.246526,174.8437,1.441445,1.8831704,64.648438,-1.7601e+22,4.1576e+22,-2.3975e+22,1.8294e+22,2.9131e+22,-2.4622e+22,,,,,,
2014p715167,2014-09-22T14:41:22.944815Z,2014-09-22T14:41:28.400000Z,5.5,5.39,0.11000000000000032,5.455185,1.3,-40.54048904,175.9324277,1.105836748,2.807758857,25.390625,-3.61567e+23,3.1239e+22,3.30328e+23,-1.5579e+23,-1.64387e+24,-3.7829e+23,4.56e+23,-8.3e+22,-3.73e+23,1.02e+23,1.42e+24,-2.64e+23
2014p753812,2014-10-06T21:51:08.633838Z,,4.5,,,,,-40.42421016,176.810069,8.715092812,5.579367903,12.005,-3.9562e+22,7.1438e+22,-3.1876999999999997e+22,8.57e+20,-2.94e+20,-3.6296e+22,,,,,,
2014p901017,2014-11-30T09:01:55.789463Z,,4.8,,,,,-37.05162811,178.4233704,8.090863629,9.688717761,34.03964615,-2.9110000000000003e+22,-5.378200000000001e+22,8.289199999999999e+22,1.3191700000000002e+23,7.4137e+22,5.1357e+22,,,,,,
2014p912019,2014-12-04T10:43:45.314849Z,2014-12-04T10:43:47.200000Z,4.8,4.85,0.04999999999999982,1.885151,0.6,-38.00251658,177.7554707,1.181509669,1.256458142,76.6015625,8.7499e+22,-8.9274e+22,1.775e+21,3.5277999999999996e+22,1.49421e+23,-4.149e+22,1.35e+23,-1.24e+23,-1.06e+22,8.27e+22,1.61e+23,-7.69e+22
2014p915909,2014-12-05T21:16:47.820408Z,,4.4,,,,,-40.69263546,175.8774551,0.8141019725,1.681970203,27.3828125,4.0961e+22,-1.7115000000000001e+22,-2.3845e+22,-8.477e+21,-1.4385e+22,-2.4606e+22,,,,,,
2014p952799,2014-12-19T12:51:22.482070Z,,4.8,,,,,-38.25200438,177.9926199,0.8304782461,1.265238369,33.06640625,-5.0473e+22,4.5089999999999995e+22,5.383e+21,1.5099000000000001e+22,1.54387e+23,6.0784e+22,,,,,,
2014p967839,2014-12-25T02:24:41.434667Z,,4.7,,,,,-37.72421265,179.8384399,6.194393456,4.514379967,33.0,-5.1394e+22,1.6108e+22,3.5286000000000003e+22,-5.4602e+22,-2.2212e+22,1.2462200000000001e+23,,,,,,
2015p150076,2015-02-25T12:40:38.569363Z,,4.3,,,,,-41.90830855,173.3541918,0.9382370109,1.379060413,21.5234375,-1.0309999999999998e+22,6.333e+21,3.9770000000000003e+21,6.585e+21,1.2533e+22,-3.2678e+22,,,,,,
2015p278423,2015-04-14T00:24:09.659649Z,,4.6,,,,,-37.92257397,178.3544071,0.832145751,1.127589222,9.62890625,1.8377000000000002e+22,-5.414400000000001e+22,3.5767e+22,-5.700900000000001e+22,-3.6068e+22,2.0128e+22,,,,,,
2015p302557,2015-04-22T22:42:42.415799Z,,4.7,,,,,-41.66575053,174.2650801,1.178732478,0.8953142975,22.63671875,6.539400000000001e+22,7.4922e+22,-1.40315e+23,-2.682e+22,1.861e+22,-5.1635e+22,,,,,,
2015p362790,2015-05-15T05:34:35.965654Z,,4.3,,,,,-41.68709183,174.0977936,5.638961538,3.541998099,16.30670357,-1.63e+22,2.3022e+22,-6.722e+21,-9.015e+21,2.5383e+22,-8.653e+21,,,,,,
2015p383071,2015-05-22T17:40:39.633415Z,,4.5,,,,,-42.14585114,173.1190338,3.259243488,3.514583649,36.165897369999996,-3.2201e+22,3.1814e+22,3.87e+20,2.52e+22,3.3030000000000003e+22,1.6241e+22,,,,,,
2015p706730,2015-09-19T11:47:06.204764Z,,4.3,,,,,-40.27463917,176.3787431,2.249457982,3.761351837,45.3125,-2.9911e+22,1.52e+22,1.4711000000000002e+22,1.8088999999999998e+22,1.0866e+22,1.6725e+22,,,,,,
2015p768477,2015-10-12T08:05:01.717692Z,2015-10-12T08:05:07.100000Z,5.7,5.56,0.14000000000000057,5.382308,1.4,-40.57806609,176.3257242,1.922480006,3.435738791,23.28125,1.9867380000000002e+24,-1.289972e+24,-6.96767e+23,3.88616e+23,3.050068e+24,-1.412315e+24,1.63e+24,-5.6e+23,-1.07e+24,5.2e+23,2.06e+24,-9.1e+23
2015p794154,2015-10-21T20:05:45.520261Z,,4.4,,,,,-39.28237242,173.8805039,2.394573219,3.148892208,18.0078125,1.16e+20,1.6746000000000002e+22,-1.6862e+22,-1.1112e+22,-6.237e+21,4.0324e+22,,,,,,
2015p822263,2015-11-01T05:42:11.671776Z,2015-11-01T05:42:15.100000Z,5.3,5.44,0.14000000000000057,3.428224,1.3,-39.38937453,175.9597209,2.373596787,2.413793424,54.921875,-3.99043e+23,5.56912e+23,-1.5787e+23,8.73717e+23,6.090520000000001e+23,1.2284999999999999e+22,-2.45e+23,3.51e+23,-1.06e+23,1.35e+24,1.14e+24,-1.16e+23
2015p912933,2015-12-04T18:50:46.220067Z,,4.3,,,,,-40.63686371,174.2154694,3.85060387,3.208722749,50.25624847,-9.245000000000001e+21,1.1183e+22,-1.938e+21,1.4935e+22,1.8133e+22,9.401000000000001e+21,,,,,,
2015p981036,2015-12-29T23:36:17.858744Z,,4.5,,,,,-40.51762239,175.9063718,1.812931035,2.149044787,24.8046875,-4.259e+21,-1.5e+19,4.274e+21,7.72e+21,4.8375e+22,-2.3938999999999997e+22,,,,,,
2016p008122,2016-01-04T00:07:55.207778Z,,4.6,,,,,-40.5838089,176.4415436,3.162294744,4.223767128,25.37735558,-9.761e+22,7.2438e+22,2.5172e+22,1.8008000000000002e+22,1.2997999999999998e+22,2.8658e+22,,,,,,
2016p010806,2016-01-04T23:57:47.658035Z,,4.7,,,,,-38.06613541,177.3859711,3.398934248,3.081235058,71.40791321,8.1499e+22,-6.5296000000000004e+22,-1.6202000000000002e+22,1.244e+21,6.019600000000001e+22,5.6741999999999994e+22,,,,,,
2016p105478,2016-02-09T00:39:00.115717Z,2016-02-09T00:39:02.600000Z,5.2,5.19,0.009999999999999787,2.484283,1.0,-42.06829695,173.0748256,4.064557527,4.798959855,48.125,2.6629999999999997e+21,6.7986e+22,-7.065e+22,5.5398100000000004e+23,-6.7069e+22,4.4314e+23,3.43e+22,1.52e+23,-1.87e+23,5.84e+23,-1.48e+23,4.24e+23
2016p140897,2016-02-22T03:09:56.022941Z,,4.8,,,,,-41.89204025,174.2548218,4.116194746,3.22919234,7.667494297,1.22801e+23,1.7939e+22,-1.4074e+23,7.1773e+22,4.8372e+22,-5.9739e+22,,,,,,
2016p188781,2016-03-10T20:24:01.148383Z,,4.2,,,,,-41.59521866,174.4536285,3.542428593,2.405470614,11.25579929,8.383e+21,1.421e+22,-2.2593e+22,-7.173000000000001e+21,-5.234000000000001e+21,-6.858e+21,,,,,,
2016p198476,2016-03-14T10:28:04.208382Z,,4.8,,,,,-42.28046417,173.020752,2.05885352,2.520080663,8.830801964,1.3334e+22,1.1948499999999999e+23,-1.3281900000000001e+23,5.9719000000000004e+22,2.1753999999999997e+22,-1.16917e+23,,,,,,
2016p198491,2016-03-14T10:36:06.834839Z,,4.3,,,,,-42.27397537,173.0280762,2.881782691,3.26476024,8.779126167000001,7.862999999999999e+21,3.1694e+22,-3.9557e+22,7.819e+21,2.8730000000000003e+21,-1.5324e+22,,,,,,
2016p275188,2016-04-11T19:41:06.568548Z,,4.9,,,,,-40.89297465,175.4943879,1.987972797,2.474156786,23.8671875,-2.07431e+23,1.47282e+23,6.0149000000000005e+22,2.1870900000000003e+23,1.29441e+23,5.7737e+22,,,,,,
2016p356222,2016-05-11T19:15:32.224015Z,,4.3,,,,,-40.91673375,175.4241875,1.55846217,2.136469441,27.6171875,-1.9478e+22,1.634e+21,1.7844e+22,3.2921e+22,1.4523e+22,5.774e+21,,,,,,
2016p356297,2016-05-11T19:55:18.243942Z,2016-05-11T19:55:19.800000Z,4.9,4.93,0.02999999999999936,1.556058,0.7,-40.91710385,175.4226134,1.682333603,2.295969689,27.265625,-2.49537e+23,1.40708e+23,1.08829e+23,1.50131e+23,1.64901e+23,5.7424000000000004e+22,-1.77e+23,1.5e+23,2.7e+22,9.38e+22,2.39e+23,8.97e+22
2016p411782,2016-06-01T08:37:33.476864Z,,4.6,,,,,-37.07802963,178.0002594,4.436342066,4.372053774,25.56432724,-5.0778e+22,4.3173e+22,7.605e+21,4.84e+22,8.5634e+22,-4.154e+21,,,,,,
2016p474397,2016-06-24T12:38:43.743628Z,,4.3,,,,,-41.55581665,174.4190826,3.217731956,1.941685169,13.075928690000001,1.027e+22,2.2556e+22,-3.2825999999999997e+22,-8.272e+21,-3.382e+21,7.834000000000001e+21,,,,,,
2016p500086,2016-07-04T00:45:50.521344Z,,4.1,,,,,-41.70619583,174.0172577,2.110146352,1.926509624,9.389575005000001,9e+18,8.789e+21,-8.798e+21,2.063e+21,-5.469e+21,-1.3867e+22,,,,,,
2016p659242,2016-08-31T22:04:35.392362Z,2016-08-31T22:04:40.400000Z,5.8,5.81,0.009999999999999787,5.007638,2.0,-37.07738495,179.2152405,4.698736682,7.213152825,24.96583366,-3.45219e+23,-1.3206300000000001e+23,4.77282e+23,3.06231e+24,5.004611e+24,-3.25114e+23,5e+21,-1.32e+24,1.32e+24,4.79e+24,4.1e+24,2.57e+23
2016p661375,2016-09-01T17:01:09.139464Z,,5.6,,,,,-37.00196075,179.1357117,4.764673747,7.223893615,18.80845261,7.48313e+23,8.5898e+22,-8.34211e+23,1.834807e+24,2.603941e+24,-2.70995e+23,,,,,,
2016p661442,2016-09-01T17:36:03.659305Z,,5.5,,,,,-37.05254364,179.0390625,3.751774508,5.877218065,28.619266510000003,7.18035e+23,-1.202647e+24,4.84612e+23,1.6776240000000002e+24,1.148322e+24,3.5696e+22,,,,,,
2016p662231,2016-09-02T00:36:49.364853Z,,4.5,,,,,-37.37159729,179.0739899,3.520607453,5.569122897,17.25198364,7.33e+20,-2.1384000000000002e+22,2.0651e+22,2.9414e+22,6.0646e+22,-1.323e+21,,,,,,
2016p662495,2016-09-02T02:57:24.358735Z,,4.9,,,,,-37.16169739,179.2701874,3.128950839,3.969010197,6.354579926,-1.59557e+23,1.01998e+23,5.756e+22,1.24298e+23,2.55194e+23,-5.351e+21,,,,,,
2016p662661,2016-09-02T04:26:07.687561Z,,4.7,,,,,-37.0755806,179.3199463,3.969959212,4.852668363,12.203121190000001,-5.890700000000001e+22,3.5963e+22,2.2944e+22,1.6935e+22,1.18662e+23,-1.3849000000000002e+22,,,,,,
2016p662696,2016-09-02T04:45:50.594440Z,,4.6,,,,,-37.24991608,178.9543915,5.032700319,6.777315692,15.06865215,-1.3880000000000002e+22,-1.29e+21,1.517e+22,2.2517e+22,9.184e+22,3.714e+21,,,,,,
2016p663334,2016-09-02T10:24:51.837741Z,,4.4,,,,,-37.07283401,179.2272339,3.530950151,5.776113497,18.496582030000003,-1.6463e+22,1.214e+21,1.5249000000000002e+22,5.901e+21,3.8865e+22,9.4e+20,,,,,,
2016p664132,2016-09-02T17:30:02.931757Z,,4.6,,,,,-37.25114059,179.0791321,3.899651323,5.269434832,21.60488701,-2.688e+22,1.829e+21,2.5051e+22,2.4901e+22,9.8343e+22,1.1069e+22,,,,,,
2016p665372,2016-09-03T04:30:10.197384Z,2016-09-03T04:30:17.100000Z,5.5,5.35,0.15000000000000036,6.902616,1.2,-37.36350632,179.1143341,4.055886481,8.283867225,11.511806490000001,-8.41333e+23,5.8418900000000004e+23,2.5714400000000002e+23,1.444803e+24,2.012779e+24,-3.42686e+23,-4.81e+23,-2.47e+23,7.28e+23,9.27e+23,6.97e+23,2.19e+23
2016p665461,2016-09-03T05:18:04.106251Z,,4.7,,,,,-37.44159317,178.9003143,5.521992211,7.479313827,17.930749889999998,-7.970000000000001e+21,1.0379000000000001e+22,-2.409e+21,7.589299999999999e+22,9.4415e+22,-1.3899000000000001e+22,,,,,,
2016p666385,2016-09-03T13:30:26.940893Z,2016-09-03T13:30:31.300000Z,5.3,5.14,0.16000000000000014,4.359107,0.9,-37.38977051,179.0248871,4.711105979,8.204384985,17.61055374,-4.6344099999999996e+23,2.55542e+23,2.0789899999999997e+23,4.08031e+23,1.227396e+24,-1.44748e+23,-5.12e+23,3.85e+22,4.74e+23,1.6e+23,3.91e+23,9.68e+22
2016p668280,2016-09-04T06:19:42.665223Z,2016-09-04T06:19:45.800000Z,5.0,5.08,0.08000000000000007,3.134777,0.8,-37.09725952,179.0209808,4.57653287,7.572523524,15.0,-1.52301e+23,3.9624e+22,1.12677e+23,1.29241e+23,2.81537e+23,7.8039e+22,-4.61e+23,2.12e+23,2.5e+23,1.31e+23,1.96e+23,2.33e+23
2016p669820,2016-09-04T20:00:29.652413Z,2016-09-04T20:00:31.100000Z,5.1,4.92,0.17999999999999972,1.447587,0.7,-37.35430527,178.8164825,3.781947331,7.187992433,15.0,8.6316e+22,-1.4778599999999998e+23,6.1470000000000005e+22,3.24377e+23,3.8646e+23,-2.0458e+22,-1.03e+23,-6.32e+22,1.66e+23,2.14e+23,1.5e+23,2.92e+22
2016p671995,2016-09-05T15:19:02.728275Z,2016-09-05T15:19:06.600000Z,5.8,5.82,0.020000000000000462,3.871725,2.0,-37.00841141,178.7605591,3.846483866,7.307628805,5.0,2.2609580000000002e+24,-1.330579e+24,-9.303790000000001e+23,8.43515e+23,5.684026999999999e+24,-3.71342e+23,9.35e+23,2.6e+22,-9.61e+23,1.29e+24,6.45e+24,-4.12e+23
2016p683563,2016-09-09T22:02:49.615151Z,,4.7,,,,,-40.49306897,173.9271704,4.552579849,4.822917614,79.53125,2.9141e+22,1.08264e+23,-1.37405e+23,1.00059e+23,-3.469e+21,-4.626e+22,,,,,,
2016p696414,2016-09-14T16:09:31.179410Z,2016-09-14T16:09:35.000000Z,5.0,4.87,0.1299999999999999,3.82059,0.7,-37.15220261,178.8759003,3.177306063,5.89379529,20.0,-4.2634e+22,9.565e+21,3.3069e+22,1.21177e+23,3.40015e+23,-1.2945e+22,1.47e+23,-1e+23,-4.67e+22,1.1e+23,1.66e+23,-1e+23
2016p696613,2016-09-14T17:55:43.619408Z,,4.6,,,,,-37.18627167,178.9394989,3.685466869,5.787271856,18.071586609999997,-7.743e+21,-2.542e+21,1.0284e+22,4.8519e+22,8.0326e+22,2.449e+21,,,,,,
2016p719587,2016-09-23T05:56:27.061842Z,2016-09-23T05:56:32.000000Z,5.4,5.16,0.2400000000000002,4.938158,0.9,-37.37324905,179.0021362,3.596212295,5.027071185,13.22118855,-3.9954e+23,8.4673e+22,3.14866e+23,8.46267e+23,1.045885e+24,-1.96053e+23,-5.06e+23,-2.63e+22,5.32e+23,3.07e+23,3.44e+23,4.98e+22
2016p761676,2016-10-08T19:41:16.761401Z,2016-10-08T19:41:22.600000Z,5.8,5.76,0.040000000000000036,5.838599,1.9,-37.1126442,178.9163208,5.414943307,9.820971936,7.295280457,9.341200000000001e+23,-9.68922e+23,3.4800999999999998e+22,2.1058830000000003e+24,6.1167e+24,-5.0398e+23,-2.07e+23,-5.87e+23,7.93e+23,2.88e+24,4.61e+24,-2.39e+23
2016p828142,2016-11-02T09:54:21.014945Z,,4.8,,,,,-37.38148117,178.8177032,4.207127017,6.272846011,23.09012413,-1.5024e+23,1.27521e+23,2.2719e+22,-1.05434e+23,2.0865e+22,1.31836e+23,,,,,,
2016p835066,2016-11-04T23:23:32.366842Z,,4.4,,,,,-37.30577469,178.8583832,4.321051599,4.828681114,20.0,-4.794e+22,-4.258e+21,5.2199000000000004e+22,1.6705000000000002e+22,-5.7300000000000007e+20,1.8302e+22,,,,,,
2016p842451,2016-11-07T16:59:07.167808Z,,4.7,,,,,-39.31875992,173.7597046,3.238756395,3.134149174,13.51935005,-5.853e+21,5.0245999999999994e+22,-4.4393e+22,-2.6564e+22,-8.5749e+22,1.25473e+23,,,,,,
2016p858260,2016-11-13T13:21:11.543541Z,,5.6,,,,,-41.85381699,174.2562408,2.237578252,2.338088122,0.0,1.334107e+24,1.7681610000000002e+24,-3.102268e+24,-7.6341e+23,-6.14279e+23,3.59629e+23,,,,,,
2016p858279,2016-11-13T13:31:26.655104Z,,6.0,,,,,-42.26058734,173.6596039,3.304813206,5.799609678,25.15625,-8.06087e+23,7.439394e+24,-6.633307000000001e+24,1.915481e+24,6.20167e+23,-8.137091e+24,,,,,,
2016p858340,2016-11-13T14:04:04.751658Z,,4.9,,,,,-42.52544561,173.2980945,5.41959643,14.26140123,37.8125,-2.2732e+22,2.69852e+23,-2.4711999999999998e+23,-1.3470899999999999e+23,-1.4512e+22,-1.59243e+23,,,,,,
2016p858455,2016-11-13T15:05:08.754286Z,,4.6,,,,,-42.27005072,173.8700708,4.154652248,8.236082723,22.34375,5.5591e+22,1.9917e+22,-7.5509000000000005e+22,4.8553e+22,1.02e+20,-4.5514999999999995e+22,,,,,,
2016p858508,2016-11-13T15:33:03.682972Z,,5.1,,,,,-41.77118531,174.2409326,3.508979809,4.65340886,16.015625,1.88206e+23,4.9009099999999995e+23,-6.782979999999999e+23,-3.0408999999999996e+22,7.5501e+22,1.4070699999999999e+23,,,,,,
2016p858516,2016-11-13T15:37:50.779261Z,,4.6,,,,,-42.27055353,173.65802,4.791582588,7.697561249,19.53125,3.601e+21,8.0791e+22,-8.4393e+22,-2.9403e+22,4.54e+20,-1.3356e+22,,,,,,
2016p858527,2016-11-13T15:43:18.516616Z,,4.4,,,,,-42.2266442,173.640074,3.848014937,8.12882475,27.96875,-1.1642e+22,3.9921e+22,-2.8279e+22,1.5672e+22,-3.002e+21,-2.2987e+22,,,,,,
2016p858603,2016-11-13T16:23:46.504455Z,,4.7,,,,,-41.90105027,174.032536,4.793107063,6.144989507,26.09375,3.0730000000000003e+21,1.2390799999999999e+23,-1.2697999999999999e+23,1.3163e+22,-4.1109999999999997e+21,5.0163e+22,,,,,,
2016p858704,2016-11-13T17:17:39.154732Z,,4.9,,,,,-42.41466665,173.6788049,4.524310549,10.49870305,9.21875,1.66102e+23,-4.8442000000000006e+22,-1.17661e+23,-1.1804999999999999e+22,1.5121199999999998e+23,-1.4669400000000001e+23,,,,,,
2016p858788,2016-11-13T18:02:47.121759Z,,4.4,,,,,-41.72816141,174.2813256,7.332625372,7.977230483,21.40625,2.2408000000000002e+22,2.0322999999999997e+22,-4.2731e+22,-1.5006e+22,9.818000000000002e+21,-1.5716999999999999e+22,,,,,,
2016p858803,2016-11-13T18:10:26.646709Z,,4.4,,,,,-42.72458511,172.9699163,4.302820707,7.890544993,25.15625,4.0101e+22,-5.029e+21,-3.5072000000000004e+22,-5.843e+21,1.77e+21,-1.9902e+22,,,,,,
2016p858815,2016-11-13T18:16:37.847320Z,,4.6,,,,,-42.57147217,173.2078705,2.812765171,3.186684667,8.035431862000001,5.8663e+22,1.7329e+22,-7.5992e+22,4.8606e+22,7.0065e+22,-3.083e+22,,,,,,
2016p858824,2016-11-13T18:21:41.216959Z,,4.3,,,,,-41.64958276,173.934849,23.08945642,16.74499094,22.8125,9.234000000000001e+21,1.2598e+22,-2.1831e+22,2.5569e+22,-6.859e+21,-2.6537e+22,,,,,,
2016p858828,2016-11-13T18:23:52.706695Z,,4.5,,,,,-41.82886801,174.0744693,3.669051082,6.07427861,26.09375,1.5684000000000001e+22,4.5651e+22,-6.1336e+22,-6.578000000000001e+21,3.2111000000000002e+22,-3.3481e+22,,,,,,
2016p858848,2016-11-13T18:34:26.790072Z,,4.8,,,,,-41.8027626,174.208385,3.226243838,4.62114169,23.28125,2.3625999999999997e+22,1.86004e+23,-2.0963000000000002e+23,-5.4338e+22,-7.0293e+22,-9.9664e+22,,,,,,
2016p858876,2016-11-13T18:49:25.611394Z,,4.4,,,,,-41.87741688,174.0516225,4.318044426,5.154252506,23.984375,2.5830000000000003e+22,4.1203e+22,-6.7032e+22,-1.0362e+22,-3.941e+21,-2.488e+21,,,,,,
2016p858895,2016-11-13T18:59:10.265155Z,,5.0,,,,,-42.27543046,173.825589,3.687372971,8.64422267,51.40625,2.6105599999999998e+23,1.0392e+23,-3.6497600000000005e+23,3.8796e+22,-4.1971e+22,-2.2906199999999998e+23,,,,,,
2016p858913,2016-11-13T19:09:14.287359Z,,4.5,,,,,-41.70342473,174.1490431,3.198048235,3.030916803,17.421875,2.8813e+22,1.8159e+22,-4.6972e+22,-2.1222e+22,3.0070999999999996e+22,-2.5588e+22,,,,,,
2016p858951,2016-11-13T19:28:57.486625Z,2016-11-13T19:29:02.200000Z,5.7,5.72,0.019999999999999574,4.713375,1.8,-42.37226868,173.9456787,5.075168605,8.090567999,5.0,1.500679e+24,1.217207e+24,-2.7178849999999997e+24,7.649869999999999e+23,-1.7519150000000002e+24,-4.024213e+24,1.7e+24,1.27e+24,-2.97e+24,-5.8e+23,2.69e+24,-3.17e+24
2016p859027,2016-11-13T20:10:00.139331Z,,4.5,,,,,-42.10221206,173.7220164,3.710993769,6.994313794,18.59375,-1.1206e+22,5.619299999999999e+22,-4.4987e+22,4.0970999999999995e+22,-8.119999999999999e+20,-2.8882999999999997e+22,,,,,,
2016p859036,2016-11-13T20:14:54.008014Z,,4.5,,,,,-42.23571093,173.8941038,7.264197202,10.51389773,45.3125,6.3507e+22,6.597e+21,-7.010399999999999e+22,6.437999999999999e+21,-8.772e+21,-3.1237e+22,,,,,,
2016p859051,2016-11-13T20:22:14.732844Z,,4.6,,,,,-42.31261444,173.8154907,3.010969021,4.346239402,11.40842819,-8.31e+20,6.7539e+22,-6.6708e+22,5.3635000000000006e+22,4.0712e+22,-6.4489e+22,,,,,,
2016p859060,2016-11-13T20:27:23.056198Z,,4.6,,,,,-42.69825745,172.8035583,3.255571886,3.41437559,8.586598396,-1.6239999999999997e+21,7.8638e+22,-7.7014e+22,2.3326e+22,5.3127e+22,-5.1098000000000006e+22,,,,,,
2016p859091,2016-11-13T20:44:22.721461Z,,4.2,,,,,-42.36736679,173.9169312,3.38222837,3.634117482,12.148858070000001,1.4019e+22,6.654e+21,-2.0672999999999998e+22,6.397e+21,1.68e+20,-1.3778e+22,,,,,,
2016p859229,2016-11-13T21:57:40.326173Z,,4.2,,,,,-42.38105392,173.882309,3.303775615,4.10993739,7.3748397830000005,1.9842e+22,-3.6450000000000003e+21,-1.6196000000000001e+22,1.1431e+22,8.442000000000001e+21,-1.1654e+22,,,,,,
2016p859262,2016-11-13T22:15:14.108925Z,,4.7,,,,,-42.70851299,172.702699,5.865212506,10.31907542,35.9375,9.6074e+22,-4.2788e+22,-5.3287000000000004e+22,7.051e+21,2.801e+22,-1.3559100000000001e+23,,,,,,
2016p859270,2016-11-13T22:19:32.961377Z,2016-11-13T22:19:37.600000Z,5.1,5.25,0.15000000000000036,4.638623,1.0,-42.39115344,173.2140571,3.986218355,8.831475545,44.84375,7.473000000000001e+21,4.24086e+23,-4.31559e+23,1.26982e+23,-5.480700000000001e+22,-3.99646e+23,7.6e+22,4.35e+23,-5.11e+23,4.54e+23,5.28e+23,-4.94e+23
2016p859336,2016-11-13T22:54:18.929444Z,,4.8,,,,,-42.32561899,173.5431812,2.936113219,5.991572561,49.0625,3.0845999999999996e+22,1.40431e+23,-1.71277e+23,4.3210000000000003e+21,4.4164e+22,-8.2248e+22,,,,,,
2016p859378,2016-11-13T23:17:32.523479Z,,4.8,,,,,-42.12944029,173.8545776,2.94050697,5.303257864,27.03125,1.78353e+23,1.3887e+22,-1.92241e+23,5.1634e+22,-2.77e+21,-1.2851800000000001e+23,,,,,,
2016p859439,2016-11-13T23:49:11.500782Z,,4.9,,,,,-41.71086582,174.3456838,2.720433696,3.097405225,12.734375,3.02152e+23,-2.0799000000000002e+22,-2.8135300000000002e+23,-6.3285000000000005e+22,6.6307000000000006e+22,7.9348e+22,,,,,,
2016p859625,2016-11-14T01:28:22.209810Z,,4.9,,,,,-42.0521698,173.9810028,2.640771415,2.873134951,7.05290556,7.6729e+22,1.8511300000000002e+23,-2.61842e+23,-8.7432e+22,-7.5659e+22,-1.3894500000000001e+23,,,,,,
2016p859628,2016-11-14T01:30:14.641263Z,,5.1,,,,,-42.36700322,173.7613041,4.111082502,7.606125894,44.84375,1.89976e+23,2.8817e+22,-2.1879299999999998e+23,3.11501e+23,2.63336e+23,-3.05955e+23,,,,,,
2016p859872,2016-11-14T03:40:18.565593Z,,4.7,,,,,-41.74411392,174.3870697,5.459064482,2.194344183,11.52038956,1.1548800000000001e+23,8.559999999999999e+21,-1.24048e+23,-8.253e+21,8.918e+21,8.584e+21,,,,,,
2016p859920,2016-11-14T04:05:46.223199Z,,4.6,,,,,-42.30893789,173.6581537,3.099409439,5.390506599,28.4375,-3.5020000000000005e+21,7.3487e+22,-6.9985e+22,1.7125e+22,3.4897e+22,-2.3888999999999998e+22,,,,,,
2016p859929,2016-11-14T04:10:21.550541Z,,4.6,,,,,-42.15525523,173.5954137,3.744967464,5.947442762,30.78125,-3.2507999999999997e+22,4.1646e+22,-9.138e+21,8.241e+21,2.2918000000000003e+22,-1.05583e+23,,,,,,
2016p860053,2016-11-14T05:16:31.747055Z,,4.8,,,,,-42.44412951,173.4865677,4.023041233,7.609641925,35.9375,8.9726e+22,4.6717e+22,-1.36443e+23,9.3534e+22,2.0093e+22,-1.78945e+23,,,,,,
2016p860215,2016-11-14T06:43:00.133567Z,2016-11-14T06:43:04.900000Z,5.3,5.34,0.040000000000000036,4.766433,1.1,-41.73240431,174.2837886,4.39402991,4.174444355,23.046875,2.163e+21,6.01494e+23,-6.0365699999999996e+23,3.0738999999999997e+22,5.35093e+23,-5.3109099999999996e+23,2.26e+23,5.14e+23,-7.4e+23,-3.82e+23,7.47e+23,-7.24e+23
2016p860224,2016-11-14T06:47:52.076275Z,2016-11-14T06:47:57.500000Z,5.7,5.65,0.04999999999999982,5.423725,1.6,-42.31963026,173.9684203,3.522295226,6.274931966,53.28125,2.912526e+24,-2.5860399999999998e+23,-2.653922e+24,-8.127199999999999e+23,4.05437e+23,-2.866945e+24,2.31e+24,-8.76e+23,-1.44e+24,-3.51e+23,1.74e+24,-2.58e+24
2016p860287,2016-11-14T07:21:04.334662Z,2016-11-14T07:21:09.600000Z,5.5,5.51,0.009999999999999787,5.265338,1.4,-41.7566522,174.314213,3.148130159,3.921375661,23.046875,9.523950000000001e+23,1.240842e+24,-2.193236e+24,-3.51632e+23,4.2465600000000005e+23,-1.116791e+24,2.54e+23,1.22e+24,-1.48e+24,-8.84e+23,1.39e+24,-9.57e+23
2016p860567,2016-11-14T09:49:56.758107Z,2016-11-14T09:50:01.000000Z,5.1,5.01,0.08999999999999986,4.241893,0.8,-42.42733383,173.7919617,3.118409854,3.716351678,8.374135971,-5.6403e+22,-8.1963e+22,1.3836600000000001e+23,1.1725e+23,-1.17419e+23,-4.66137e+23,8.24e+22,-1.14e+23,3.12e+22,1.23e+22,4.82e+22,-4.09e+23
2016p860592,2016-11-14T10:03:50.016115Z,,4.6,,,,,-42.59789658,173.2971802,2.928781636,3.266510824,16.51316071,-5.768e+21,3.9422000000000005e+22,-3.3654000000000003e+22,8.773200000000001e+22,3.2183999999999998e+22,-5.098e+22,,,,,,
2016p860725,2016-11-14T11:14:21.274320Z,,4.5,,,,,-41.69193268,174.268158,2.657285681,2.313322527,7.384774208,5.279199999999999e+22,4.4656e+22,-9.7448e+22,-3.737e+21,-1.464e+21,-1.63e+22,,,,,,
2016p860729,2016-11-14T11:16:42.402494Z,2016-11-14T11:16:26.000000Z,4.8,5.01,0.20999999999999996,16.402494,0.8,-41.70519561,174.2661854,2.991420525,3.739325115,24.921875,7.385e+22,1.55449e+23,-2.29299e+23,-3.2636e+22,6.931e+21,-6.6227e+22,-3.7e+23,4.14e+22,3.29e+23,-7.63e+22,-6.37e+22,2.09e+23
2016p860816,2016-11-14T12:03:00.331611Z,,4.5,,,,,-42.41564941,173.6269379,2.326959607,3.08294904,13.4731884,1.9504e+22,-3.7714999999999997e+22,1.8211000000000001e+22,2.0631999999999998e+22,-1.1593e+22,-4.8036e+22,,,,,,
2016p860963,2016-11-14T13:21:05.614730Z,,4.4,,,,,-41.73146578,174.308655,2.749167291,3.39456625,18.828125,2.1486e+22,2.2594999999999997e+22,-4.408e+22,-1.183e+22,1.0845e+22,-1.3585e+22,,,,,,
2016p861018,2016-11-14T13:50:50.768872Z,,4.3,,,,,-41.56319046,174.3954468,2.894823741,1.982295762,13.5608387,5.194e+21,3.7391000000000002e+22,-4.2585e+22,-1.0119e+22,2.945e+21,7.61e+20,,,,,,
2016p861190,2016-11-14T15:22:19.001882Z,,4.4,,,,,-41.65238431,174.17213,3.322039868,3.398934026,15.546875,2.09e+20,2.6583e+22,-2.6792000000000002e+22,-2.277e+21,-9.857e+21,4.1788e+22,,,,,,
2016p861251,2016-11-14T15:54:55.897396Z,,4.7,,,,,-42.48777771,173.0379486,2.485170618,3.527515097,5.286655903,8.886e+22,-2.1309e+22,-6.755e+22,4.6234e+22,6.3776e+22,-8.0892e+22,,,,,,
2016p861596,2016-11-14T18:58:23.009141Z,,4.1,,,,,-41.78579103,174.1985437,3.530440004,5.864507067,23.28125,1.638e+21,1.1572e+22,-1.321e+22,3.436e+21,-5.170000000000001e+21,8.602e+21,,,,,,
2016p861632,2016-11-14T19:17:33.332969Z,2016-11-14T19:17:34.100000Z,4.9,4.97,0.0699999999999994,0.767031,0.7,-42.26255417,173.6903534,3.413399856,6.515549065,19.28775215,1.52678e+23,8.039800000000001e+22,-2.33076e+23,8.856900000000001e+22,9.0019e+22,-1.3485799999999998e+23,2.69e+23,1.6e+21,-2.7e+23,5.6e+22,2.03e+23,-1.14e+23
2016p862339,2016-11-15T01:34:45.010056Z,2016-11-15T01:34:48.500000Z,5.4,5.42,0.019999999999999574,3.489944,1.2,-41.69659042,174.2246704,4.597962421,3.244822901,4.36109066,5.7567e+23,1.403406e+24,-1.9790770000000001e+24,-3.11496e+23,-1.2906300000000001e+23,-5.28854e+23,2.91e+23,1.13e+24,-1.43e+24,-7.49e+23,3.96e+23,-6.22e+23
2016p862356,2016-11-15T01:43:52.235014Z,,4.8,,,,,-41.66155721,174.2572104,2.8314402,2.968835651,12.265625,1.6166300000000002e+23,8.584099999999999e+22,-2.4750500000000002e+23,-4.2794999999999995e+22,1.0622e+22,-9.6587e+22,,,,,,
2016p862636,2016-11-15T04:12:47.302372Z,2016-11-15T04:12:47.700000Z,4.8,4.89,0.08999999999999986,0.397628,0.7,-42.56079865,174.0118866,3.529466071,3.773198361,35.83178711,1.4248399999999999e+23,-6.4135000000000004e+22,-7.8349e+22,5.2816e+22,4.8128e+22,-1.4708699999999999e+23,2.34e+23,-9.84e+22,-1.36e+23,1.44e+23,6.68e+22,-9.46e+22
2016p862742,2016-11-15T05:09:27.900212Z,2016-11-15T05:09:29.700000Z,5.1,5.13,0.03000000000000025,1.799788,0.9,-42.26876068,173.6218719,3.531661637,5.721931608,7.483505726000001,5.2988999999999996e+23,-1.0340799999999999e+23,-4.26482e+23,9.177200000000001e+22,1.0286099999999998e+23,-2.35914e+23,5.72e+23,-1.71e+23,-4e+23,1.17e+23,2.58e+23,-2.12e+23
2016p862855,2016-11-15T06:09:35.878249Z,,4.1,,,,,-41.71261978,174.2301483,4.236052042,3.518360988,11.04375362,1.0189e+22,1.1926e+22,-2.2115e+22,-6.206e+21,-2.191e+21,-6.826999999999999e+21,,,,,,
2016p862895,2016-11-15T06:30:33.216388Z,2016-11-15T06:30:35.900000Z,5.2,5.24,0.040000000000000036,2.683612,1.0,-42.24602127,173.7379913,3.878104858,6.135972441,7.478375912000001,2.5000900000000002e+23,4.05821e+23,-6.5583e+23,4.16484e+23,2.7523e+22,-6.14763e+23,2.21e+23,2.86e+23,-5.07e+23,3.5e+23,3.9e+23,-6.68e+23
2016p862973,2016-11-15T07:12:26.791553Z,,4.5,,,,,-41.71043396,174.2638245,3.219928835,2.758945941,9.661253929,9.413e+21,4.5985e+22,-5.5398e+22,7.346e+21,4.4000000000000007e+20,-4.3277e+22,,,,,,
2016p863142,2016-11-15T08:42:13.975814Z,,4.3,,,,,-41.6973114,174.2625275,2.669623973,2.2388822,6.672056198,8.651e+21,1.8148e+22,-2.6798e+22,-6.885e+21,-1.632e+21,-3.0544e+22,,,,,,
2016p863723,2016-11-15T13:52:03.299937Z,,4.5,,,,,-41.69048309,174.1812592,2.586077667,2.32377862,11.85324478,2.6564e+22,3.2266e+22,-5.882999999999999e+22,-1.97e+21,3.5157e+22,-4.0031e+22,,,,,,
2016p863743,2016-11-15T14:02:35.162277Z,,4.3,,,,,-42.43918228,173.867691,3.076032964,3.582216821,6.337437153,2.3654e+22,1.5643000000000001e+22,-3.9297e+22,-8.573000000000001e+21,-1.1381e+22,-2.4511000000000002e+22,,,,,,
2016p864224,2016-11-15T18:19:00.149054Z,,4.5,,,,,-42.4682517,173.5702143,2.782221821,5.744526972,22.34375,3.6646e+22,2.6239e+22,-6.2886e+22,2.8608e+22,3.8788e+22,1.442e+22,,,,,,
2016p864309,2016-11-15T19:03:58.257178Z,,4.5,,,,,-41.69564559,174.3386526,3.208092349,3.963479317,28.671875,2.5143999999999998e+22,3.121e+22,-5.6353999999999995e+22,-2.2491e+22,8.417e+21,-2.7148e+22,,,,,,
2016p864401,2016-11-15T19:53:02.656575Z,2016-11-15T19:53:06.700000Z,4.9,4.91,0.009999999999999787,4.043425,0.7,-41.65556717,174.3871155,5.084928094,2.288800635,12.65192223,4.7326e+22,2.6106799999999997e+23,-3.08394e+23,4.7099e+22,-3.7376e+22,-1.21058e+23,-2.97e+22,2.44e+23,-2.14e+23,-3.89e+22,1.52e+23,-7.73e+22
2016p864842,2016-11-15T23:47:50.939967Z,2016-11-15T23:47:34.400000Z,4.3,4.8,0.5,16.539967,0.6,-41.83457184,174.0394592,3.073275713,2.271487465,14.26167393,-2.337e+21,1.1131e+22,-8.794e+21,-1.77e+20,2.2838e+22,-2.7195e+22,-1.83e+23,3.39e+22,1.5e+23,9.07e+22,4.08e+22,-5.25e+22
2016p865557,2016-11-16T06:09:39.419471Z,,4.4,,,,,-41.69470707,174.363504,3.716297662,3.664100201,14.609375,2.5942000000000003e+22,1.8056e+22,-4.3998000000000005e+22,1.6258000000000002e+22,-2.5546e+22,-2.5742e+22,,,,,,
2016p865907,2016-11-16T09:15:14.718372Z,,4.5,,,,,-41.31210709,175.6763153,3.242761248,3.2772988,16.904008870000002,1.9982e+22,7.37e+20,-2.0719e+22,2.25e+21,6.3615e+22,1.191e+21,,,,,,
2016p866561,2016-11-16T15:03:49.409100Z,,4.6,,,,,-42.5066452,173.4660034,3.124018278,4.389967793,12.558716770000002,3.2126e+22,8.7221e+22,-1.19346e+23,-2.2016e+22,2.2144e+22,-1.252e+21,,,,,,
2016p867239,2016-11-16T21:05:00.214512Z,,4.7,,,,,-41.72241858,174.1709171,3.438298646,4.043294703,22.109375,2.2200000000000003e+20,1.34546e+23,-1.34768e+23,-1.6261e+22,-1.8248e+22,1.8222999999999998e+22,,,,,,
2016p867480,2016-11-16T23:13:37.795234Z,,4.5,,,,,-42.23890305,173.7985229,3.583238216,4.444775347,14.79462528,6.6025e+22,-1.4716999999999999e+22,-5.130900000000001e+22,-4.6979999999999995e+21,2.312e+21,-3.0868e+22,,,,,,
2016p867529,2016-11-16T23:39:41.793293Z,,4.3,,,,,-41.68604279,174.257431,3.842119705,3.669107656,15.292515750000002,-5.733e+21,1.8003e+22,-1.227e+22,-9.33e+20,2.8271e+22,-2.2765e+22,,,,,,
2016p868025,2016-11-17T04:04:05.164018Z,,4.4,,,,,-41.78319332,174.3659774,4.497138321,4.886637233,21.171875,5.663e+21,4.0565e+22,-4.6227999999999995e+22,9.247e+21,-7.998e+21,-3.3562e+22,,,,,,
2016p869983,2016-11-17T21:27:03.301451Z,,4.6,,,,,-42.17543793,173.8117523,3.354259897,5.886828443,13.28210449,5.064e+22,3.2485e+22,-8.3125e+22,3.9196e+22,3.0775e+22,-8.9247e+22,,,,,,
2016p871629,2016-11-18T12:03:56.787645Z,,4.2,,,,,-42.0041008,173.6107025,2.524591204,3.11175326,8.851905823,-1.0820000000000001e+22,1.3256e+22,-2.436e+21,-1.981e+21,1.6997e+22,-1.7296e+22,,,,,,
2016p871791,2016-11-18T13:30:10.825209Z,,4.4,,,,,-42.34758759,173.4595947,2.996237822,5.399534087,7.844145775,-1.1994e+22,2.0331e+22,-8.338e+21,2.6834e+22,2.8802999999999997e+22,-1.9417e+22,,,,,,
2016p871889,2016-11-18T14:22:58.360824Z,2016-11-18T14:22:59.000000Z,5.3,5.17,0.1299999999999999,0.639176,0.9,-42.67619705,173.4157867,8.079284238,8.54495884,21.16783333,5.09179e+23,-1.5269000000000002e+23,-3.56489e+23,4.1911999999999995e+23,6.37364e+23,-3.57672e+23,6.31e+23,-1.91e+23,-4.4e+23,2.49e+23,-9.61e+22,-3.5e+23
2016p872063,2016-11-18T15:55:33.930897Z,,4.4,,,,,-42.52695956,173.0912638,2.049965824,2.536568985,9.921875,4.0825e+22,-4.4890000000000003e+21,-3.6337e+22,2.571e+21,1.6609e+22,-1.4384e+22,,,,,,
2016p875317,2016-11-19T20:48:54.242785Z,,4.3,,,,,-41.68212509,174.2763672,4.726690349,5.160217188,13.850371359999999,2.9091e+22,-3.4149999999999997e+21,-2.5677e+22,-6.937000000000001e+21,9.089e+21,-1.9967e+22,,,,,,
2016p876450,2016-11-20T06:52:48.137805Z,,4.7,,,,,-42.62046432,173.5348816,3.396022716,3.652669878,26.16997147,3.1717e+22,-1.2369200000000001e+23,9.1975e+22,-2.3747e+22,-5.0802e+22,-8.4024e+22,,,,,,
2016p878954,2016-11-21T05:06:42.546660Z,,4.2,,,,,-41.9329567,174.0008087,3.41191985,3.361302906,9.955679893000001,6.79e+20,2.6706e+22,-2.7385000000000004e+22,3.41e+21,-7.852e+21,9.089e+21,,,,,,
2016p880389,2016-11-21T17:51:36.815205Z,,4.7,,,,,-42.18613434,173.6367035,2.952823108,3.377459538,14.86866665,-2.5597e+22,8.1827e+22,-5.6229999999999994e+22,1.23e+20,4.1322e+22,-1.18853e+23,,,,,,
2016p881118,2016-11-22T00:19:42.525939Z,2016-11-22T00:19:50.600000Z,6.0,6.01,0.009999999999999787,8.074061,2.7,-40.67358017,177.2288055,4.299545477,5.715357063,29.111944200000003,9.200825999999999e+24,-4.937199e+24,-4.2636269999999997e+24,3.3194e+23,5.397537999999999e+24,-9.433085000000001e+24,5.44e+24,-2.3e+24,-3.15e+24,5.67e+24,9.98e+24,-3.22e+24
2016p881669,2016-11-22T05:13:33.600881Z,2016-11-22T05:13:38.400000Z,5.5,5.43,0.07000000000000028,4.799119,1.3,-42.91986434,172.911198,1.871689952,3.310166239,10.15625,5.83211e+23,6.135930000000001e+23,-1.1968040000000001e+24,7.01378e+23,8.53902e+23,-1.728897e+24,3.77e+23,4.67e+23,-8.44e+23,-4.37e+23,3.18e+23,-1.52e+24
2016p881727,2016-11-22T05:44:09.251605Z,,4.4,,,,,-42.94595718,172.9565582,3.36867971,3.048145083,10.61424541,3.821600000000001e+22,-2.44e+20,-3.7971e+22,-5.689e+21,3.9064e+22,-2.3199000000000002e+22,,,,,,
2016p881756,2016-11-22T05:59:55.473778Z,,4.4,,,,,-42.89113617,172.9518585,5.95476504,4.511805245,8.988646507,4.0573e+22,-5.161e+21,-3.5412e+22,3.7909999999999997e+21,1.2255e+22,-1.4422999999999998e+22,,,,,,
2016p882187,2016-11-22T09:49:38.866791Z,,4.6,,,,,-42.95313263,173.0108185,4.136871251,5.074598405,9.526833534,6.1089e+22,1.7169e+22,-7.8258e+22,-1.3651e+22,4.8460000000000005e+22,-2.6169e+22,,,,,,
2016p883896,2016-11-23T01:00:14.909420Z,,4.7,,,,,-41.73752213,174.2763519,3.397473003,2.256002627,12.69564056,4.4195e+22,9.7562e+22,-1.4175699999999999e+23,2.0765e+22,4.325e+21,-5.8137e+22,,,,,,
2016p890807,2016-11-25T14:22:03.346956Z,,4.2,,,,,-41.46376419,174.4726257,3.168434358,2.282624391,16.831218720000003,1.5672e+22,6.718e+21,-2.2388999999999997e+22,-8.887e+21,6.146000000000001e+21,-1.1381e+22,,,,,,
2016p895574,2016-11-27T08:42:16.419670Z,,4.8,,,,,-41.72634888,174.2366486,2.899370569,2.880462418,10.96429539,5.0569e+22,1.89515e+23,-2.4008400000000002e+23,5.88e+20,-4.5642e+22,-3.7404e+22,,,,,,
2016p897263,2016-11-27T23:41:54.329422Z,,4.4,,,,,-42.36128998,173.4833374,4.988726413,6.698562762,9.9731493,1.3878999999999998e+22,-3.392e+21,-1.0488e+22,-8.86e+20,2.1467e+22,-3.7582e+22,,,,,,
2016p913880,2016-12-04T03:15:47.387720Z,2016-12-04T03:15:51.800000Z,5.3,5.29,0.009999999999999787,4.41228,1.1,-41.68226242,174.18013,2.808213873,2.829185437,12.25809193,3.99823e+23,9.656889999999999e+23,-1.365511e+24,-1.79469e+23,-7.7675e+22,-3.43488e+23,5.5e+22,7.45e+23,-8e+23,-4.74e+23,5.05e+23,-3.67e+23
2016p921247,2016-12-06T20:40:46.950063Z,,4.4,,,,,-41.76066971,174.2295837,4.729888399,3.23072301,10.3186245,2.9842000000000004e+22,1.5195e+22,-4.5037e+22,-2.846e+21,1.4719999999999998e+22,-1.6759e+22,,,,,,
2016p922917,2016-12-07T11:30:23.704270Z,,4.4,,,,,-42.35779572,173.4623108,3.412091889,4.251313126,8.620053291,7.584e+21,3.3896e+22,-4.148e+22,1.3859000000000001e+22,3.4859e+22,-2.5663e+22,,,,,,
2016p935725,2016-12-12T05:14:21.294541Z,,4.4,,,,,-41.80883026,174.1616058,3.167417177,2.393942399,15.38795662,4.802000000000001e+21,3.9172e+22,-4.3974e+22,5.522999999999999e+21,-1.0881e+22,-3.4032999999999998e+22,,,,,,
2016p959735,2016-12-21T02:27:08.684709Z,,4.3,,,,,-42.38234915,173.7151671,2.70779329,4.891529423,9.21875,3.6084e+22,-2.0941e+22,-1.5143e+22,-4.272e+21,1.9104e+22,-1.7821e+22,,,,,,
2016p962803,2016-12-22T05:41:32.661933Z,,4.2,,,,,-41.80052246,174.1035141,2.474251731,2.419938226,18.828125,1.995e+22,4.0450000000000003e+21,-2.3995e+22,-4.538e+21,-1.147e+21,1.0243000000000001e+22,,,,,,
2016p969664,2016-12-24T18:37:22.245801Z,,4.5,,,,,-41.63691268,174.2701219,2.02081085,2.093296291,15.078125,2.2126e+22,5.706599999999999e+22,-7.9192e+22,-8.419e+21,2.5099999999999997e+20,-5.412e+21,,,,,,
2016p976987,2016-12-27T11:38:46.669153Z,,4.5,,,,,-42.47164154,173.87854,3.157703341,3.702888191,27.44265747,6.6938e+22,-2.6742000000000003e+22,-4.0196e+22,-2.607e+22,-6.081e+21,-3.8636000000000005e+22,,,,,,
2016p981371,2016-12-29T02:34:33.975877Z,2016-12-29T02:34:38.500000Z,5.3,5.23,0.0699999999999994,4.524123,1.0,-41.54563039,174.456209,1.623352242,2.399657571,15.078125,8.2942e+22,9.659399999999999e+23,-1.0488819999999999e+24,-1.59949e+23,-3.18959e+23,7.8178e+22,1.21e+23,7.16e+23,-8.37e+23,-3.3e+23,2.39e+23,-6.1e+22
2016p981419,2016-12-29T03:00:20.400529Z,,4.4,,,,,-41.53660273,174.4328645,1.863994095,2.771660731,15.078125,3.7764999999999997e+22,1.5653e+22,-5.3417e+22,-3.0831e+22,-1.0016e+22,-5.818e+21,,,,,,
2017p003805,2017-01-02T09:47:19.421088Z,,4.1,,,,,-42.33817291,173.5579987,2.875998627,4.020550164,5.532643795,1.1501e+22,-1.2971000000000001e+22,1.47e+21,4.074e+21,1.0474e+22,-1.3287e+22,,,,,,
2017p012082,2017-01-05T11:17:34.879638Z,2017-01-05T11:17:39.000000Z,5.3,5.33,0.03000000000000025,4.120362,1.1,-41.80748749,174.0366211,3.08465517,2.052007911,14.36779499,-5.07722e+23,9.635260000000001e+23,-4.55803e+23,-1.1481e+22,8.845870000000001e+23,-5.48184e+23,-3.19e+23,7.38e+23,-4.19e+23,-4.78e+23,7.96e+23,-5.08e+23
2017p014499,2017-01-06T08:45:17.826173Z,,4.4,,,,,-41.64638901,174.2911377,2.958769407,2.146939095,8.624846458,2.7563e+22,3.2835e+22,-6.0398e+22,-3.1269999999999997e+21,-6.709000000000001e+21,-3.2045999999999996e+22,,,,,,
2017p015402,2017-01-06T16:46:12.154376Z,2017-01-06T16:46:15.400000Z,4.9,4.99,0.08999999999999986,3.245624,0.8,-37.7519722,177.5345917,4.025549213,2.571684396,27.98033714,1.8017000000000002e+23,1.9188999999999997e+22,-1.9935999999999998e+23,-5.8689e+22,2.04729e+23,-6.5646e+22,3e+23,8.49e+22,-3.85e+23,-4.76e+22,1.08e+23,-1.4e+23
2017p016396,2017-01-07T01:36:08.693393Z,,4.4,,,,,-42.64644241,173.2836914,3.269110032,4.356506275,19.214469910000002,4.0328e+22,2.974e+21,-4.3301999999999994e+22,-2.1476e+22,5.838e+21,-1.4168e+22,,,,,,
2017p027063,2017-01-11T00:19:21.720918Z,,4.6,,,,,-41.67704838,174.2734433,1.932356075,2.378789416,12.265625,2.8557999999999996e+22,7.4576e+22,-1.03135e+23,1.3266e+22,6.190999999999999e+21,-5.8544e+22,,,,,,
2017p059122,2017-01-22T21:00:16.519850Z,,4.9,,,,,-37.74497986,177.5435638,3.059529775,2.374066645,29.07522011,-5.892e+21,1.52e+21,4.372e+21,4.615899999999999e+22,2.8707800000000004e+23,-7.1756e+22,,,,,,
2017p060166,2017-01-23T06:16:39.128949Z,,4.4,,,,,-41.64801025,174.2867889,2.332034048,1.934608443,9.922762871000002,2.3147e+22,2.1107e+22,-4.4254000000000005e+22,-1.3991e+22,-4.6429999999999997e+21,-2.0841e+22,,,,,,
2017p084950,2017-02-01T10:21:29.759031Z,2017-02-01T10:21:35.000000Z,4.8,5.01,0.20999999999999996,5.240969,0.8,-42.29034042,173.7621307,2.553294746,3.101601517,21.136167529999998,1.9922999999999997e+22,1.64873e+23,-1.84796e+23,3.2177999999999995e+22,1.21637e+23,-8.5294e+22,-9.46e+22,2.61e+23,-1.66e+23,2.57e+22,3.98e+23,-6.19e+22
2017p087060,2017-02-02T05:05:39.319521Z,2017-02-02T05:05:43.200000Z,4.9,4.99,0.08999999999999986,3.880479,0.8,-37.77571106,177.546875,2.844829209,2.770767914,27.487943650000002,1.79293e+23,-2.6788999999999997e+22,-1.5250499999999998e+23,-1.4391999999999998e+22,1.86181e+23,-5.7447000000000004e+22,3.07e+23,-2.49e+22,-2.82e+23,2e+20,1.65e+23,-1.77e+23
2017p099067,2017-02-06T15:43:05.064710Z,,4.5,,,,,-37.31082535,178.8622589,4.843549762,8.863842211,20.73630333,-5.9875e+22,1.6291e+22,4.3584e+22,1.8668e+22,4.6449e+22,1.4648e+22,,,,,,
2017p113098,2017-02-11T20:18:54.135309Z,2017-02-11T20:18:58.300000Z,4.9,4.94,0.040000000000000036,4.164691,0.7,-42.67791748,172.7225037,3.907723377,2.970865687,8.679965973,2.9202999999999997e+22,1.1695e+23,-1.46153e+23,-7.6818e+22,1.405e+21,-2.26606e+23,5.3e+21,1.08e+23,-1.13e+23,-2.16e+23,2.05e+22,-2.26e+23
2017p135277,2017-02-20T01:16:06.793328Z,,4.5,,,,,-42.71343613,172.7306671,2.31740953,2.703562744,14.445695879999999,-7.221e+21,4.2906e+22,-3.5684e+22,-9.243e+21,-3.3659999999999995e+21,-5.382899999999999e+22,,,,,,
2017p136022,2017-02-20T07:53:01.575065Z,2017-02-20T07:53:03.200000Z,4.7,4.87,0.16999999999999993,1.624935,0.7,-37.29286194,179.0401764,4.20998124,6.938244797,5.0,8.715e+21,8.9368e+22,-9.8083e+22,1.1679100000000001e+23,3.6974e+22,2.8618e+22,-2.43e+23,6.61e+22,1.77e+23,5.68e+22,-1.01e+23,7.21e+22
2017p159158,2017-02-28T21:19:43.045843Z,,4.5,,,,,-42.96895218,173.1007538,2.630904649,3.93145357,9.903126717,8.0373e+22,-1.8616e+22,-6.1757e+22,-2.9010000000000003e+21,1.5859000000000001e+22,-3.8682e+22,,,,,,
2017p161294,2017-03-01T16:17:44.067316Z,,4.5,,,,,-42.95505142,173.0888672,2.95195343,4.284441144,9.372019768,6.2098e+22,-3.1456999999999998e+22,-3.0641e+22,-1.4459000000000001e+22,-9.629e+21,-3.3335e+22,,,,,,
2017p161601,2017-03-01T19:01:02.699364Z,2017-03-01T19:01:01.200000Z,4.8,4.83,0.03000000000000025,1.499364,0.6,-42.96012115,173.0949097,2.588903191,3.324152775,11.516958240000001,2.11514e+23,-4.6969e+22,-1.64545e+23,-5.9775e+22,3.2149999999999997e+21,-1.02125e+23,2.24e+23,-7.11e+22,-1.53e+23,-1.35e+22,3.03e+22,-9.06e+22
2017p164065,2017-03-02T16:53:51.081374Z,,4.5,,,,,-39.37473227,177.3162197,2.57491857,3.631053584,29.84375,-3.6285000000000003e+22,-5.884e+21,4.2169e+22,2.2093e+22,-4.4199000000000004e+22,4.0263e+22,,,,,,
2017p168407,2017-03-04T07:27:38.483931Z,,4.3,,,,,-41.82998276,174.1186371,5.195729351,3.278029035,9.092115402,2.8619e+22,3.5570000000000003e+21,-3.2176e+22,-1.1145e+22,1.1586e+22,-1.4826e+22,,,,,,
2017p176921,2017-03-07T11:03:37.330134Z,,4.8,,,,,-37.12570572,179.0875244,4.896186877,8.328453372,12.0,-2.4961e+22,-2.041e+21,2.7001e+22,7.1079e+22,1.8103e+23,-6.42e+21,,,,,,
2017p181223,2017-03-09T01:16:04.195595Z,,4.5,,,,,-37.32069778,177.7793884,5.137521414,3.930950157,28.31474876,6.154e+22,-9.845999999999998e+21,-5.169400000000001e+22,-9.755e+21,2.4128e+22,-1.7746000000000002e+22,,,,,,
2017p184544,2017-03-10T06:45:15.168382Z,,4.4,,,,,-42.45187378,173.5357056,3.115120194,4.744694944,34.01678848,-4.4188e+22,2.1708e+22,2.248e+22,1.2676999999999999e+22,1.4275e+22,1.7188999999999999e+22,,,,,,
2017p187158,2017-03-11T05:58:04.667722Z,,4.4,,,,,-42.15141296,172.8352051,2.567824384,3.177903389,29.120771410000003,9.73e+21,3.3055000000000002e+22,-4.2785e+22,2.0637e+22,1.264e+22,2.9994e+22,,,,,,
2017p190343,2017-03-12T10:14:53.334508Z,,4.3,,,,,-40.27558899,176.3332367,2.546691928,3.20552356,32.09612656,-2.6699e+22,3.836e+21,2.2863e+22,8.642000000000001e+21,-2.1188999999999997e+22,1.8231e+22,,,,,,
2017p207675,2017-03-18T20:09:45.902922Z,,4.1,,,,,-40.37775803,176.2540283,2.116109438,3.2497303,28.94654465,-1.8886e+22,4.788e+21,1.4098e+22,-1.2822e+22,-1.338e+21,3.25e+20,,,,,,
2017p219803,2017-03-23T07:51:51.360580Z,,4.3,,,,,-40.99907303,174.9175873,5.552491795,4.425755531,54.308853150000004,1.1566e+22,1.579e+22,-2.7356e+22,-1.6862e+22,1.72e+20,2.7464e+22,,,,,,
2017p257850,2017-04-06T09:42:49.908987Z,,4.7,,,,,-41.68255615,174.2064667,2.625557424,2.028804979,8.76951313,5.835e+22,1.17565e+23,-1.75916e+23,-1.7112e+22,-1.6043000000000001e+22,-4.9598000000000005e+22,,,,,,
2017p260291,2017-04-07T07:23:23.803522Z,,4.4,,,,,-41.98227692,173.8672028,3.255723161,3.950231039,10.07100296,-1.731e+21,4.021e+22,-3.8479e+22,-4.5729e+22,8.595e+21,-9.365999999999999e+21,,,,,,
2017p266099,2017-04-09T10:57:59.815172Z,,4.3,,,,,-41.61719894,175.2894897,6.964679859,4.409599295,14.25007534,1.1164e+22,-1.3131999999999999e+22,1.969e+21,-3.152e+21,1.1798e+22,-3.8308e+22,,,,,,
2017p287111,2017-04-17T05:32:47.874257Z,,4.4,,,,,-39.86991882,176.9329071,2.802425394,3.891728775,24.521274570000003,6.803e+21,-2.9051999999999997e+22,2.2249e+22,-1.9234e+22,-2.6432999999999998e+22,-1.6966999999999998e+22,,,,,,
2017p292246,2017-04-19T03:08:42.632596Z,2017-04-19T03:08:46.600000Z,5.0,5.04,0.040000000000000036,3.967404,0.8,-38.51237185,177.6910721,2.697935871,3.301281956,38.046875,3.5231e+22,6.2791e+22,-9.8022e+22,3.472e+21,8.3753e+22,3.2333200000000004e+23,7.95e+22,1.24e+23,-2.03e+23,7.23e+22,2.49e+23,3.27e+23
2017p293719,2017-04-19T16:13:54.199887Z,,4.2,,,,,-41.62878036,173.1664124,2.040951065,1.876878183,5.0,1.889e+21,9.312e+21,-1.12e+22,1.7881e+22,-6.066e+21,1.1706e+22,,,,,,
2017p338727,2017-05-06T07:53:50.652000Z,,4.2,,,,,-41.41287994,173.8805389,4.449540467,2.9207517,39.45207977,1.907e+21,2.0369e+22,-2.2276e+22,9.169e+21,7.726999999999999e+21,9.314000000000001e+21,,,,,,
2017p346659,2017-05-09T06:19:58.362606Z,2017-05-09T06:20:00.700000Z,4.8,4.98,0.1800000000000006,2.337394,0.7,-37.78767014,177.5926819,4.259785934,3.512692172,31.01984024,1.99904e+23,-6.4111e+22,-1.3579300000000001e+23,7.385e+21,1.1999100000000001e+23,-3.8554000000000006e+22,3.98e+23,-1.11e+23,-2.87e+23,3.74e+22,1.04e+23,-8.11e+22
2017p381325,2017-05-22T02:10:04.883509Z,,4.3,,,,,-42.20776749,173.6417236,2.570203705,3.656010808,5.4143691060000005,3.7890000000000003e+21,2.9083999999999997e+22,-3.2873e+22,1.0842e+22,7.839e+21,8.942e+21,,,,,,
2017p708412,2017-09-20T02:42:10.036814Z,,4.7,,,,,-41.47942352,174.3373108,3.000444488,2.193027357,15.12007618,1.01745e+23,2.1134e+22,-1.2288e+23,-5.5003e+22,3.9201999999999995e+22,-4.4909e+22,,,,,,
2017p735876,2017-09-30T06:34:33.182658Z,2017-09-30T06:34:38.800000Z,4.9,5.0,0.09999999999999964,5.617342,0.8,-37.07653046,179.0947571,3.568041351,7.425518895,12.0,-9.5066e+22,-3.542e+21,9.8608e+22,8.5648e+22,-2.9281e+22,2.84471e+23,-5.85e+22,-9.58e+22,1.54e+23,1.7e+23,5.52e+22,3.33e+23
2017p795065,2017-10-22T04:10:59.674111Z,2017-10-22T04:11:02.800000Z,5.0,5.06,0.05999999999999961,3.125889,0.8,-42.35814285,173.4589386,2.865993234,3.99331668,8.274720192,1.69125e+23,1.4693900000000002e+23,-3.1606399999999996e+23,-4.8457e+22,1.67029e+23,-2.98431e+23,9.12e+22,2.46e+23,-3.37e+23,-6.73e+22,2.69e+23,-2.69e+23
2017p819775,2017-10-31T07:36:07.022652Z,2017-10-31T07:36:11.900000Z,4.9,5.02,0.11999999999999922,4.877348,0.8,-37.46266174,177.3622894,4.932285723,2.795109707,11.62663746,-2.2591799999999998e+23,2.09363e+23,1.6555000000000001e+22,1.1465099999999999e+23,-1.8431e+22,8.141900000000001e+22,-3.7e+23,3.27e+23,4.39e+22,1.04e+23,1.62e+23,1.3e+23
2017p821508,2017-10-31T22:59:51.206888Z,2017-10-31T22:59:54.500000Z,4.9,5.19,0.29000000000000004,3.293112,1.0,-37.44020462,177.3571167,4.331530524,2.439283955,7.643558979000001,-1.70357e+23,1.00721e+23,6.9636e+22,1.39536e+23,5.8879e+22,1.08945e+23,-4.49e+23,2.68e+23,1.82e+23,1.27e+23,6.53e+23,1.57e+23
2017p852531,2017-11-12T10:28:56.348882Z,,4.4,,,,,-41.17444289,174.4269955,3.144472526,3.206928042,35.703125,-5.0819e+22,3.0144e+22,2.0674e+22,1.4181e+22,1.6856e+22,2.2322999999999997e+22,,,,,,
2017p861155,2017-11-15T15:03:33.433026Z,,4.3,,,,,-41.56174088,174.3071899,2.91403219,2.233338808,10.973256110000001,1.5425e+22,2.2425999999999997e+22,-3.7851e+22,-5.421e+21,-2.913e+21,-1.4349e+22,,,,,,
2017p887092,2017-11-25T05:24:05.749588Z,,4.5,,,,,-37.84857941,178.1473694,3.010253395,3.715007125,47.133281710000006,1.4191e+22,-2.024e+22,6.049e+21,2.6438e+22,1.6139e+22,7.0145e+22,,,,,,
2017p919876,2017-12-07T08:30:16.026184Z,,4.4,,,,,-41.41807556,173.4067535,2.656790793,2.047451987,74.47803497,1.5596e+22,1.0340000000000001e+22,-2.5936e+22,2.6434e+22,-8.081e+21,2.6049e+22,,,,,,
2017p952681,2017-12-19T11:48:31.028088Z,,4.5,,,,,-42.46689987,173.6452179,4.202292861,4.004908734,2.5968697069999997,4.4342e+22,-1.5732e+22,-2.8610000000000004e+22,1.3663999999999998e+22,3.5199000000000002e+22,-2.7292e+22,,,,,,
2018p012973,2018-01-05T19:12:08.638808Z,,4.2,,,,,-41.87590408,173.9917145,3.009322504,2.753375908,11.259295459999999,1.4681e+22,-4.374e+21,-1.0306e+22,-3.408e+21,-1.6132e+22,-1.2812999999999999e+22,,,,,,
2018p021170,2018-01-08T19:59:46.646367Z,,4.3,,,,,-42.14668274,172.8081665,2.67369071,4.278024426,47.33043289,-1.8762e+22,2.964e+22,-1.0878e+22,2.3771e+22,2.1241e+22,8.004000000000001e+21,,,,,,
2018p130600,2018-02-18T07:43:48.127644Z,,4.9,,,,,-39.94897461,176.2995148,2.005664241,2.295312274,20.59459877,-2.4793800000000002e+23,1.3148800000000001e+23,1.1645e+23,5.0325e+22,6.6076999999999994e+22,9.359299999999999e+22,,,,,,
2018p177486,2018-03-07T16:04:33.906061Z,,4.6,,,,,-42.35692596,173.4416962,3.458972283,4.07027214,8.975295067,3.7241000000000004e+22,2.4443e+22,-6.1684e+22,3.2258e+22,3.6748e+22,-6.3425e+22,,,,,,
2018p254466,2018-04-05T03:39:42.521344Z,,4.0,,,,,-40.81859589,172.1311035,3.82134243,3.854779378,5.0,6.874e+21,-3.678e+21,-3.196e+21,-3.238e+21,-6.957e+21,-8.258e+21,,,,,,
2018p266243,2018-04-09T12:14:23.908405Z,,4.9,,,,,-37.15131378,178.9009399,4.119284861,6.29013197,12.0,-4.7180000000000005e+22,-1.77391e+23,2.2457e+23,2.4762e+22,-8.070299999999999e+22,1.33575e+23,,,,,,
